[
  {
    "category": "Головне меню",
    "types": [
      "Перші страви",
      "Другі страви",
      "Гарніри",
      "Салати",
      "Гарячі закуски",
      "Десерти",
      "Гарячі напої",
      "Холодні напої"
    ],
    "image": ""
  },
  {
    "category": "Святкове меню",
    "image": ""
  },
  {
    "category": "Мангал-меню",
    "image": ""
  },
  {
    "category": "Тарілки 'Я не сам'",
    "image": ""
  },
  {
    "category": "Бургери",
    "image": ""
  },
  {
    "category": "Комплексний обід",
    "image": ""
  }
]