[
  {
    "category": "Головне меню",
    "type": "Перші страви",
    "title": "Борщ з грінками та салом ",
    "price": 58,
    "image": ""
  },
  {
    "category": "Головне меню",
    "type": "Перші страви",
    "title": "Солянка",
    "price": 55,
    "image": ""
  },
  {
    "category": "Головне меню",
    "type": "Перші страви",
    "title": "Грибна юшка",
    "price": 40,
    "image": ""
  },
  {
    "category": "Головне меню",
    "type": "Перші страви",
    "title": "Бограч",
    "price": 75,
    "image": ""
  },
  {
    "category": "Головне меню",
    "type": "Перші страви",
    "title": "Бульйон курячий",
    "price": 45,
    "image": ""
  },
  {
    "category": "Головне меню",
    "type": "Другі страви",
    "title": "Відбивна по-межирічанськи",
    "price": 65,
    "image": ""
  },
  {
    "category": "Головне меню",
    "type": "Другі страви",
    "title": "Котлета по-київськи",
    "price": 65,
    "image": ""
  },
  {
    "category": "Головне меню",
    "type": "Другі страви",
    "title": "Вареники з картоплею",
    "price": 45,
    "image": ""
  },
  {
    "category": "Головне меню",
    "type": "Другі страви",
    "title": "Пельмені",
    "price": 55,
    "image": ""
  },
  {
    "category": "Головне меню",
    "type": "Другі страви",
    "title": "Деруни фаршировані",
    "price": 70,
    "image": ""
  },
  {
    "category": "Головне меню",
    "type": "Другі страви",
    "title": "Ситий тато",
    "price": 110,
    "image": ""
  },
  {
    "category": "Головне меню",
    "type": "Гарніри",
    "title": "Картопля пюре",
    "price": 25,
    "image": ""
  },
  {
    "category": "Головне меню",
    "type": "Гарніри",
    "title": "Картопля фрі",
    "price": 35,
    "image": ""
  },
  {
    "category": "Головне меню",
    "type": "Гарніри",
    "title": "Картопля по-селянськи",
    "price": 40,
    "image": ""
  },
  {
    "category": "Головне меню",
    "type": "Гарніри",
    "title": "Рис з овочами",
    "price": 35,
    "image": ""
  },
  {
    "category": "Головне меню",
    "type": "Салати",
    "title": "Цезар",
    "price": 100,
    "image": ""
  },
  {
    "category": "Головне меню",
    "type": "Салати",
    "title": "Королівський",
    "price": 96,
    "image": ""
  },
  {
    "category": "Головне меню",
    "type": "Салати",
    "title": "Грецький",
    "price": 96,
    "image": ""
  },
  {
    "category": "Головне меню",
    "type": "Салати",
    "title": "Капрезе",
    "price": 70,
    "image": ""
  },
  {
    "category": "Головне меню",
    "type": "Гарячі закуски",
    "title": "Курячі нагетси",
    "price": 53,
    "image": ""
  },
  {
    "category": "Головне меню",
    "type": "Гарячі закуски",
    "title": "Сирні палички",
    "price": 55,
    "image": ""
  },
  {
    "category": "Головне меню",
    "type": "Гарячі закуски",
    "title": "Чебуреки",
    "price": 30,
    "image": ""
  },
  {
    "category": "Головне меню",
    "type": "Гарячі закуски",
    "title": "Брускети",
    "price": 75,
    "image": ""
  },
  {
    "category": "Головне меню",
    "type": "Гарячі закуски",
    "title": "Клаб - сендвіч",
    "price": 55,
    "image": ""
  },
  {
    "category": "Головне меню",
    "type": "Гарячі закуски",
    "title": "Клаб - сендвіч",
    "price": 55,
    "image": ""
  },
  {
    "category": "Головне меню",
    "type": "Десерти",
    "title": "Сирники",
    "price": 45,
    "image": ""
  },
  {
    "category": "Головне меню",
    "type": "Десерти",
    "title": "Морозиво",
    "price": 35,
    "image": ""
  },
  {
    "category": "Головне меню",
    "type": "Десерти",
    "title": "Млинці з маком",
    "price": 45,
    "image": ""
  },
  {
    "category": "Головне меню",
    "type": "Десерти",
    "title": "Млинці з сиром",
    "price": 45,
    "image": ""
  },
  {
    "category": "Головне меню",
    "type": "Десерти",
    "title": "Бельгійські вафлі",
    "price": 35,
    "image": ""
  },
  {
    "category": "Головне меню",
    "type": "Гарячі напої",
    "title": "Еспресо",
    "price": 18,
    "image": ""
  },
  {
    "category": "Головне меню",
    "type": "Гарячі напої",
    "title": "Подвійне еспресо",
    "price": 20,
    "image": ""
  },
  {
    "category": "Головне меню",
    "type": "Гарячі напої",
    "title": "Еспресо з молоком ",
    "price": 22,
    "image": ""
  },
  {
    "category": "Головне меню",
    "type": "Гарячі напої",
    "title": "Американо",
    "price": 20,
    "image": ""
  },
  {
    "category": "Головне меню",
    "type": "Гарячі напої",
    "title": "Лате",
    "price": 26,
    "image": ""
  },
  {
    "category": "Головне меню",
    "type": "Гарячі напої",
    "title": "Капучино",
    "price": 23,
    "image": ""
  },
  {
    "category": "Головне меню",
    "type": "Гарячі напої",
    "title": "Какао",
    "price": 18,
    "image": ""
  },
  {
    "category": "Головне меню",
    "type": "Гарячі напої",
    "title": "Мокачино",
    "price": 26,
    "image": ""
  },
  {
    "category": "Головне меню",
    "type": "Гарячі напої",
    "title": "Чай",
    "price": 15,
    "image": ""
  },
  {
    "category": "Головне меню",
    "type": "Гарячі напої",
    "title": "Чайник чаю",
    "price": 40,
    "image": ""
  },
  {
    "category": "Головне меню",
    "type": "Холодні напої",
    "title": "Узвар",
    "price": 18,
    "image": ""
  },
  {
    "category": "Головне меню",
    "type": "Холодні напої",
    "title": "Pepsi",
    "price": 26,
    "image": ""
  },
  {
    "category": "Головне меню",
    "type": "Холодні напої",
    "title": "Сік в асортименті",
    "price": 20,
    "image": ""
  },
  {
    "category": "Мангал-меню",
    "title": "Карп дзеркальний",
    "price": 260,
    "image": ""
  },
  {
    "category": "Мангал-меню",
    "title": "Ребра на грилі",
    "price": 320,
    "image": ""
  },
  {
    "category": "Мангал-меню",
    "title": "Печериці на грилі",
    "price": 150,
    "image": ""
  },
  {
    "category": "Мангал-меню",
    "title": "Шашлик",
    "price": 480,
    "image": ""
  },
  {
    "category": "Мангал-меню",
    "title": "Овочі на грилі",
    "price": 200,
    "image": ""
  },
  {
    "category": "Святкове меню",
    "title": "Риба під овочами",
    "price": 50,
    "image": ""
  },
  {
    "category": "Святкове меню",
    "title": "Голубці",
    "price": 30,
    "image": ""
  },
  {
    "category": "Святкове меню",
    "title": "Овочі тушковані",
    "price": 120,
    "image": ""
  },
  {
    "category": "Святкове меню",
    "title": "Крученики",
    "price": 60,
    "image": ""
  },
  {
    "category": "Святкове меню",
    "title": "Гостина \"По-Межирічанськи\" ",
    "price": 420,
    "image": ""
  },
  {
    "category": "Святкове меню",
    "title": "Жульєн в корзинці",
    "price": 30,
    "image": ""
  },
  {
    "category": "Святкове меню",
    "title": "Асорті (печінка,риба,курка)",
    "price": 120,
    "image": ""
  },
  {
    "category": "Святкове меню",
    "title": "М'ясо \"Тріо\"",
    "price": 560,
    "image": ""
  },
  {
    "category": "Бургери",
    "title": "Найзвичайніший",
    "price": 120,
    "image": ""
  },
  {
    "category": "Бургери",
    "title": "Нагетси між булками",
    "price": 110,
    "image": ""
  },
  {
    "category": "Бургери",
    "title": "Розрив 🔥",
    "price": 100,
    "image": ""
  },
  {
    "category": "Тарілки 'Я не сам'",
    "title": "Тарілка до пива",
    "price": 180,
    "image": ""
  },
  {
    "category": "Тарілки 'Я не сам'",
    "title": "Фритюр на тарілці",
    "price": 195,
    "image": ""
  },
  {
    "category": "Тарілки 'Я не сам'",
    "title": "Картопляний мікс",
    "price": 170,
    "image": ""
  },
  {
    "category": "Тарілки 'Я не сам'",
    "title": "Гриль сет",
    "price": 650,
    "image": ""
  },
  {
    "category": "Тарілки 'Я не сам'",
    "title": "Селянська тарілка",
    "price": 120,
    "image": ""
  },
  {
    "category": "Комплексний обід",
    "title": "Комплексний обід",
    "price": 100,
    "image": ""
  }
]


